"Instrument_Id","Product_Type","Processing_Level","Product_Subtype","Product_Subtype_Desc","Attr","Data_Type","Unit"
"WE","CAL","Calibrated","ATS","Air Temperature","SCLK","ASCII_Real","s"
"WE","CAL","Calibrated","ATS","Air Temperature","LMST","ASCII_String","HH:mm:ss"
"WE","CAL","Calibrated","ATS","Air Temperature","LTST","ASCII_String","HH:mm:ss"
"WE","CAL","Calibrated","ATS","Air Temperature","ATS_LOCAL_TEMP1","ASCII_Real","K"
"WE","CAL","Calibrated","ATS","Air Temperature","ATS_LOCAL_TEMP2","ASCII_Real","K"
"WE","CAL","Calibrated","ATS","Air Temperature","ATS_LOCAL_TEMP3","ASCII_Real","K"
"WE","CAL","Calibrated","ATS","Air Temperature","ATS_LOCAL_TEMP4","ASCII_Real","K"
"WE","CAL","Calibrated","ATS","Air Temperature","ATS_LOCAL_TEMP5","ASCII_Real","K"
"WE","CAL","Calibrated","ENG","Engineering","SCLK","ASCII_Real","s"
"WE","CAL","Calibrated","ENG","Engineering","LMST","ASCII_String","HH:mm:ss"
"WE","CAL","Calibrated","ENG","Engineering","LTST","ASCII_String","HH:mm:ss"
"WE","CAL","Calibrated","ENG","Engineering","ICU_Analog_TH_HK_TM","ASCII_Integer","K"
"WE","CAL","Calibrated","ENG","Engineering","ICU_Analog_H_PRT_TEMP_1","ASCII_Integer","K"
"WE","CAL","Calibrated","ENG","Engineering","ICU_Analog_TIRS_ACQ_TEMP_TM","ASCII_Integer","K"
"WE","CAL","Calibrated","ENG","Engineering","ICU_Analog_5V_CURRENT_TM","ASCII_Integer","A"
"WE","CAL","Calibrated","ENG","Engineering","ICU_Analog_8V_CURRENT_TM","ASCII_Integer","A"
"WE","CAL","Calibrated","ENG","Engineering","ICU_Analog_11VN_CURRENT_TM","ASCII_Integer","A"
"WE","CAL","Calibrated","ENG","Engineering","ICU_Analog_3V3_HK_MUX","ASCII_Integer","V"
"WE","CAL","Calibrated","ENG","Engineering","ICU_Analog_POWER_H_SENSE","ASCII_Integer",""
"WE","CAL","Calibrated","ENG","Engineering","ICU_Analog_POWER_P1","ASCII_Integer","V"
"WE","CAL","Calibrated","ENG","Engineering","ICU_Analog_R1_CAL_PRT","ASCII_Integer","Ohms"
"WE","CAL","Calibrated","ENG","Engineering","ICU_Analog_POWER_P2","ASCII_Integer","V"
"WE","CAL","Calibrated","ENG","Engineering","ICU_Analog_R2_CAL_PRT","ASCII_Integer","Ohms"
"WE","CAL","Calibrated","ENG","Engineering","ICU_Analog_8V_FRANGI_TM","ASCII_Integer","V"
"WE","CAL","Calibrated","ENG","Engineering","ICU_Analog_MEDA_RDS_TEMP","ASCII_Integer","K"
"WE","CAL","Calibrated","ENG","Engineering","ICU_Analog_B1_SEC_PWR_TLM","ASCII_Integer","V"
"WE","CAL","Calibrated","ENG","Engineering","ICU_Analog_CAM_PCB_PRT","ASCII_Integer","K"
"WE","CAL","Calibrated","ENG","Engineering","ICU_Analog_B2_SEC_PWR_TLM","ASCII_Integer","V"
"WE","CAL","Calibrated","ENG","Engineering","ICU_Analog_CAM_CCD_PRT","ASCII_Integer","K"
"WE","CAL","Calibrated","ENG","Engineering","ICU_Analog_8V_H_PRT_TM","ASCII_Integer","V"
"WE","CAL","Calibrated","ENG","Engineering","ICU_Analog_H_PRT_TEMP_2","ASCII_Integer","K"
"WE","CAL","Calibrated","ENG","Engineering","ICU_Analog_12V_HTR_CURRENT_TM","ASCII_Integer","A"
"WE","CAL","Calibrated","ENG","Engineering","ICU_Analog_WS1_PRT","ASCII_Integer","K"
"WE","CAL","Calibrated","ENG","Engineering","ICU_Analog_WS2_PRT","ASCII_Integer","K"
"WE","CAL","Calibrated","PS","Pressure","SCLK","ASCII_Real","s"
"WE","CAL","Calibrated","PS","Pressure","LMST","ASCII_String","HH:mm:ss"
"WE","CAL","Calibrated","PS","Pressure","LTST","ASCII_String","HH:mm:ss"
"WE","CAL","Calibrated","PS","Pressure","BAROCAP1_PRESSURE","ASCII_Real","mbar"
"WE","CAL","Calibrated","PS","Pressure","BAROCAP1_PRESSURE_UNCERTAINTY","ASCII_Real","mbar"
"WE","CAL","Calibrated","PS","Pressure","BAROCAP2_PRESSURE","ASCII_Real","mbar"
"WE","CAL","Calibrated","PS","Pressure","BAROCAP2_PRESSURE_UNCERTAINTY","ASCII_Real","mbar"
"WE","CAL","Calibrated","PS","Pressure","BAROCAP3_PRESSURE","ASCII_Real","mbar"
"WE","CAL","Calibrated","PS","Pressure","BAROCAP3_PRESSURE_UNCERTAINTY","ASCII_Real","mbar"
"WE","CAL","Calibrated","PS","Pressure","THERMOCAP1_TEMP","ASCII_Real","K"
"WE","CAL","Calibrated","PS","Pressure","THERMOCAP1_TEMP_UNCERTAINTY","ASCII_Real","K"
"WE","CAL","Calibrated","PS","Pressure","THERMOCAP2_TEMP","ASCII_Real","K"
"WE","CAL","Calibrated","PS","Pressure","THERMOCAP2_TEMP_UNCERTAINTY","ASCII_Real","K"
"WE","CAL","Calibrated","PS","Pressure","PRESSURE_MEASUREMENT_MODE","ASCII_String","Mode"
"WE","CAL","Calibrated","PS","Pressure","TRANSDUCER","ASCII_Integer",""
"WE","CAL","Calibrated","RDS","Radiation and Dust","SCLK","ASCII_Real","s"
"WE","CAL","Calibrated","RDS","Radiation and Dust","LMST","ASCII_String","HH:mm:ss"
"WE","CAL","Calibrated","RDS","Radiation and Dust","LTST","ASCII_String","HH:mm:ss"
"WE","CAL","Calibrated","RDS","Radiation and Dust","RDS_LAT_1","ASCII_Real","A"
"WE","CAL","Calibrated","RDS","Radiation and Dust","RDS_LAT_2","ASCII_Real","W/m2"
"WE","CAL","Calibrated","RDS","Radiation and Dust","RDS_LAT_3","ASCII_Real","W/m2"
"WE","CAL","Calibrated","RDS","Radiation and Dust","RDS_LAT_4","ASCII_Real","W/m2"
"WE","CAL","Calibrated","RDS","Radiation and Dust","RDS_LAT_5","ASCII_Real","W/m2"
"WE","CAL","Calibrated","RDS","Radiation and Dust","RDS_LAT_6","ASCII_Real","W/m2"
"WE","CAL","Calibrated","RDS","Radiation and Dust","RDS_LAT_7","ASCII_Real","W/m2"
"WE","CAL","Calibrated","RDS","Radiation and Dust","RDS_LAT_8","ASCII_Real","W/m2"
"WE","CAL","Calibrated","RDS","Radiation and Dust","RDS_TOP_1","ASCII_Real","W/m2"
"WE","CAL","Calibrated","RDS","Radiation and Dust","RDS_TOP_2","ASCII_Real","W/m2"
"WE","CAL","Calibrated","RDS","Radiation and Dust","RDS_TOP_3","ASCII_Real","W/m2"
"WE","CAL","Calibrated","RDS","Radiation and Dust","RDS_TOP_4","ASCII_Real","W/m2"
"WE","CAL","Calibrated","RDS","Radiation and Dust","RDS_TOP_5","ASCII_Real","W/m2"
"WE","CAL","Calibrated","RDS","Radiation and Dust","RDS_TOP_6","ASCII_Real","W/m2"
"WE","CAL","Calibrated","RDS","Radiation and Dust","RDS_TOP_7","ASCII_Real","W/m2"
"WE","CAL","Calibrated","RDS","Radiation and Dust","RDS_TOP_8","ASCII_Real","W/m2"
"WE","CAL","Calibrated","RDS","Radiation and Dust","RDS_LAT_1_HG","ASCII_Real","W/m2"
"WE","CAL","Calibrated","RDS","Radiation and Dust","RDS_LAT_2_HG","ASCII_Real","W/m2"
"WE","CAL","Calibrated","RDS","Radiation and Dust","RDS_LAT_3_HG","ASCII_Real","W/m2"
"WE","CAL","Calibrated","RDS","Radiation and Dust","RDS_LAT_4_HG","ASCII_Real","W/m2"
"WE","CAL","Calibrated","RDS","Radiation and Dust","RDS_LAT_5_HG","ASCII_Real","W/m2"
"WE","CAL","Calibrated","RDS","Radiation and Dust","RDS_LAT_6_HG","ASCII_Real","W/m2"
"WE","CAL","Calibrated","RDS","Radiation and Dust","RDS_LAT_7_HG","ASCII_Real","W/m2"
"WE","CAL","Calibrated","RDS","Radiation and Dust","RDS_LAT_8_HG","ASCII_Real","W/m2"
"WE","CAL","Calibrated","RDS","Radiation and Dust","RDS_TOP_1_HG","ASCII_Real","W/m2"
"WE","CAL","Calibrated","RDS","Radiation and Dust","RDS_TOP_2_HG","ASCII_Real","W/m2"
"WE","CAL","Calibrated","RDS","Radiation and Dust","RDS_TOP_3_HG","ASCII_Real","W/m2"
"WE","CAL","Calibrated","RDS","Radiation and Dust","RDS_TOP_4_HG","ASCII_Real","W/m2"
"WE","CAL","Calibrated","RDS","Radiation and Dust","RDS_TOP_5_HG","ASCII_Real","W/m2"
"WE","CAL","Calibrated","RDS","Radiation and Dust","RDS_TOP_6_HG","ASCII_Real","W/m2"
"WE","CAL","Calibrated","RDS","Radiation and Dust","RDS_TOP_7_HG","ASCII_Real","W/m2"
"WE","CAL","Calibrated","RDS","Radiation and Dust","RDS_TOP_8_HG","ASCII_Real","W/m2"
"WE","CAL","Calibrated","RDS","Radiation and Dust","ROVER_HGA_STILL","ASCII_Integer","State"
"WE","CAL","Calibrated","RDS","Radiation and Dust","ROVER_STILL","ASCII_Integer","State"
"WE","CAL","Calibrated","RHS","Relative Humidity","SCLK","ASCII_Real","s"
"WE","CAL","Calibrated","RHS","Relative Humidity","LMST","ASCII_String","HH:mm:ss"
"WE","CAL","Calibrated","RHS","Relative Humidity","LTST","ASCII_String","HH:mm:ss"
"WE","CAL","Calibrated","RHS","Relative Humidity","HUMICAP_A_HUMIDITY","ASCII_Real","%RH"
"WE","CAL","Calibrated","RHS","Relative Humidity","HUMICAP_A_HUMIDITY_UNCERTAINTY","ASCII_Real","%RH"
"WE","CAL","Calibrated","RHS","Relative Humidity","HUMICAP_B_HUMIDITY","ASCII_Real","%RH"
"WE","CAL","Calibrated","RHS","Relative Humidity","HUMICAP_B_HUMIDITY_UNCERTAINTY","ASCII_Real","%RH"
"WE","CAL","Calibrated","RHS","Relative Humidity","HUMICAP_TEMP","ASCII_Real","K"
"WE","CAL","Calibrated","RHS","Relative Humidity","HUMICAP_TEMP_UNCERTAINTY","ASCII_Real","K"
"WE","CAL","Calibrated","RHS","Relative Humidity","THERMOCAP1_TEMP","ASCII_Real","K"
"WE","CAL","Calibrated","RHS","Relative Humidity","THERMOCAP1_TEMP_UNCERTAINTY","ASCII_Real","K"
"WE","CAL","Calibrated","RHS","Relative Humidity","THERMOCAP2_TEMP","ASCII_Real","K"
"WE","CAL","Calibrated","RHS","Relative Humidity","THERMOCAP2_TEMP_UNCERTAINTY","ASCII_Real","K"
"WE","CAL","Calibrated","TIRS","Thermal and Infrared","SCLK","ASCII_Real","s"
"WE","CAL","Calibrated","TIRS","Thermal and Infrared","LMST","ASCII_String","HH:mm:ss"
"WE","CAL","Calibrated","TIRS","Thermal and Infrared","LTST","ASCII_String","HH:mm:ss"
"WE","CAL","Calibrated","TIRS","Thermal and Infrared","DOWNWARD_LW_IRRADIANCE","ASCII_Real","W/m2"
"WE","CAL","Calibrated","TIRS","Thermal and Infrared","DOWNWARD_LW_IRRADIANCE_UNCERTAINTY","ASCII_Real","W/m2"
"WE","CAL","Calibrated","TIRS","Thermal and Infrared","AIR_TEMP","ASCII_Real","K"
"WE","CAL","Calibrated","TIRS","Thermal and Infrared","AIR_TEMP_UNCERTAINTY","ASCII_Real","K"
"WE","CAL","Calibrated","TIRS","Thermal and Infrared","UPWARD_SW_IRRADIANCE","ASCII_Real","W/m2"
"WE","CAL","Calibrated","TIRS","Thermal and Infrared","UPWARD_SW_IRRADIANCE_UNCERTAINTY","ASCII_Real","W/m2"
"WE","CAL","Calibrated","TIRS","Thermal and Infrared","UPWARD_LW_IRRADIANCE","ASCII_Real","W/m2"
"WE","CAL","Calibrated","TIRS","Thermal and Infrared","UPWARD_LW_IRRADIANCE_UNCERTAINTY","ASCII_Real","W/m2"
"WE","CAL","Calibrated","TIRS","Thermal and Infrared","GROUND_TEMP","ASCII_Real","K"
"WE","CAL","Calibrated","TIRS","Thermal and Infrared","GROUND_TEMP_UNCERTAINTY","ASCII_Real","K"
"WE","CAL","Calibrated","TIRS","Thermal and Infrared","RSM_HEAD_OUTSIDE_TIRS_UPWARD_LOOKING_FOV","ASCII_Integer","State"
"WE","CAL","Calibrated","TIRS","Thermal and Infrared","WHEEL_OUTSIDE_TIRS_DOWNWARD_LOOKING_FOV","ASCII_Integer","State"
"WE","CAL","Calibrated","TIRS","Thermal and Infrared","SUN_OUTSIDE_TIRS_FOV","ASCII_Integer","State"
"WE","CAL","Calibrated","TIRS","Thermal and Infrared","ROVER_LOW_TILT","ASCII_Integer","State"
"WE","CAL","Calibrated","TIRS","Thermal and Infrared","TIRS_GROUND_FOOTPRINT_NOT_IN_SHADOW","ASCII_Integer","State"
"WE","CAL","Calibrated","TIRS","Thermal and Infrared","ROVER_HGA_OFF","ASCII_Integer","State"
"WE","CAL","Calibrated","TIRS","Thermal and Infrared","SKYCAM_OFF","ASCII_Integer","State"
"WE","CAL","Calibrated","TIRS","Thermal and Infrared","ROVER_STILL","ASCII_Integer","State"
"WE","CAL","Calibrated","WS","Wind","SCLK","ASCII_Real","s"
"WE","CAL","Calibrated","WS","Wind","LMST","ASCII_String","HH:mm:ss"
"WE","CAL","Calibrated","WS","Wind","LTST","ASCII_String","HH:mm:ss"
"WE","CAL","Calibrated","WS","Wind","BOOM1_HORIZONTAL_WIND_SPEED","ASCII_Real","m/s"
"WE","CAL","Calibrated","WS","Wind","BOOM1_HORIZONTAL_WIND_SPEED_UNCERTAINTY","ASCII_Real","m/s"
"WE","CAL","Calibrated","WS","Wind","BOOM1_VERTICAL_WIND_SPEED","ASCII_Real","m/s"
"WE","CAL","Calibrated","WS","Wind","BOOM1_VERTICAL_WIND_SPEED_UNCERTAINTY","ASCII_Real","m/s"
"WE","CAL","Calibrated","WS","Wind","BOOM1_WIND_DIRECTION","ASCII_Real","m/s"
"WE","CAL","Calibrated","WS","Wind","BOOM1_WIND_DIRECTION_UNCERTAINTY","ASCII_Real","m/s"
"WE","CAL","Calibrated","WS","Wind","BOOM2_HORIZONTAL_WIND_SPEED","ASCII_Real","m/s"
"WE","CAL","Calibrated","WS","Wind","BOOM2_HORIZONTAL_WIND_SPEED_UNCERTAINTY","ASCII_Real","m/s"
"WE","CAL","Calibrated","WS","Wind","BOOM2_VERTICAL_WIND_SPEED","ASCII_Real","m/s"
"WE","CAL","Calibrated","WS","Wind","BOOM2_VERTICAL_WIND_SPEED_UNCERTAINTY","ASCII_Real","m/s"
"WE","CAL","Calibrated","WS","Wind","BOOM2_WIND_DIRECTION","ASCII_Real","deg"
"WE","CAL","Calibrated","WS","Wind","BOOM2_WIND_DIRECTION_UNCERTAINTY","ASCII_Real","deg"
"WE","CAL","Calibrated","WS","Wind","BOOM1_ALG_STATE_STABLE","ASCII_Integer","State"
"WE","CAL","Calibrated","WS","Wind","BOOM2_ALG_STATE_STABLE","ASCII_Integer","State"
"WE","CAL","Calibrated","WS","Wind","ROVER_STILL","ASCII_Integer","State"
"WE","DER","Derived","ANCILLARY","Ancillary","SCLK","ASCII_Real","s"
"WE","DER","Derived","ANCILLARY","Ancillary","LMST","ASCII_String","HH:mm:ss"
"WE","DER","Derived","ANCILLARY","Ancillary","LTST","ASCII_String","HH:mm:ss"
"WE","DER","Derived","ANCILLARY","Ancillary","SOLAR_LONGITUDE_ANGLE","ASCII_Real",""
"WE","DER","Derived","ANCILLARY","Ancillary","SOLAR_ZENITHAL_ANGLE","ASCII_Real",""
"WE","DER","Derived","ANCILLARY","Ancillary","ROVER_POSITION_X","ASCII_Real",""
"WE","DER","Derived","ANCILLARY","Ancillary","ROVER_POSITION_Y","ASCII_Real",""
"WE","DER","Derived","ANCILLARY","Ancillary","ROVER_POSITION_Z","ASCII_Real",""
"WE","DER","Derived","ANCILLARY","Ancillary","ROVER_VELOCITY","ASCII_Real","m/s"
"WE","DER","Derived","ANCILLARY","Ancillary","ROVER_PITCH","ASCII_Real","Pitch"
"WE","DER","Derived","ANCILLARY","Ancillary","ROVER_YAW","ASCII_Real","Yaw"
"WE","DER","Derived","ANCILLARY","Ancillary","ROVER_ROLL","ASCII_Real","Roll"
"WE","DER","Derived","ANCILLARY","Ancillary","MASTHEAD_AZIMUTH","ASCII_Real",""
"WE","DER","Derived","ANCILLARY","Ancillary","MASTHEAD_ELEVATION","ASCII_Real",""
"WE","DER","Derived","PS","Pressure","SCLK","ASCII_Real","s"
"WE","DER","Derived","PS","Pressure","LMST","ASCII_String","HH:mm:ss"
"WE","DER","Derived","PS","Pressure","LTST","ASCII_String","HH:mm:ss"
"WE","DER","Derived","PS","Pressure","PRESSURE","ASCII_Real","mbar"
"WE","DER","Derived","PS","Pressure","PRESSURE_UNCERTAINTY","ASCII_Real","mbar"
"WE","DER","Derived","PS","Pressure","TRANSDUCER","ASCII_Integer",""
"WE","DER","Derived","RHS","Relative Humidity","SCLK","ASCII_Real","s"
"WE","DER","Derived","RHS","Relative Humidity","LMST","ASCII_String","HH:mm:ss"
"WE","DER","Derived","RHS","Relative Humidity","LTST","ASCII_String","HH:mm:ss"
"WE","DER","Derived","RHS","Relative Humidity","LOCAL_RELATIVE_HUMIDITY","ASCII_Real","%RH"
"WE","DER","Derived","RHS","Relative Humidity","LOCAL_RELATIVE_HUMIDITY_UNCERTAINTY","ASCII_Real","%RH"
"WE","DER","Derived","RHS","Relative Humidity","HUMIDITY_LOCAL_TEMP","ASCII_Real","K"
"WE","DER","Derived","RHS","Relative Humidity","HUMIDITY_LOCAL_TEMP_UNCERTAINTY","ASCII_Real","K"
"WE","DER","Derived","RHS","Relative Humidity","VOLUME_MIXING_RATIO","ASCII_Real","ppm"
"WE","DER","Derived","RHS","Relative Humidity","VOLUME_MIXING_RATIO_UNCERTAINTY","ASCII_Real","ppm"
"WE","DER","Derived","TIRS","Thermal and Infrared","SCLK","ASCII_Real","s"
"WE","DER","Derived","TIRS","Thermal and Infrared","LMST","ASCII_String","HH:mm:ss"
"WE","DER","Derived","TIRS","Thermal and Infrared","LTST","ASCII_String","HH:mm:ss"
"WE","DER","Derived","TIRS","Thermal and Infrared","DOWNWARD_LW_IRRADIANCE","ASCII_Real","W/m2"
"WE","DER","Derived","TIRS","Thermal and Infrared","DOWNWARD_LW_IRRADIANCE_UNCERTAINTY","ASCII_Real","W/m2"
"WE","DER","Derived","TIRS","Thermal and Infrared","UPWARD_LW_IRRADIANCE","ASCII_Real","W/m2"
"WE","DER","Derived","TIRS","Thermal and Infrared","UPWARD_LW_UNCERTAINTY","ASCII_Real","W/m2"
"WE","DER","Derived","TIRS","Thermal and Infrared","RSM_HEAD_OUTSIDE_TIRS_UPWARD_LOOKING_FOV","ASCII_Integer","State"
"WE","DER","Derived","TIRS","Thermal and Infrared","WHEEL_OUTSIDE_TIRS_DOWNWARD_LOOKING_FOV","ASCII_Integer","State"
"WE","DER","Derived","TIRS","Thermal and Infrared","SUN_OUTSIDE_TIRS_FOV","ASCII_Integer","State"
"WE","DER","Derived","TIRS","Thermal and Infrared","ROVER_LOW_TILT","ASCII_Integer","State"
"WE","DER","Derived","TIRS","Thermal and Infrared","TIRS_GROUND_FOOTPRINT_NOT_IN_SHADOW","ASCII_Integer","State"
"WE","DER","Derived","TIRS","Thermal and Infrared","ROVER_HGA_OFF","ASCII_Integer","State"
"WE","DER","Derived","TIRS","Thermal and Infrared","SKYCAM_OFF","ASCII_Integer","State"
"WE","DER","Derived","TIRS","Thermal and Infrared","ROVER_STILL","ASCII_Integer","State"
"WE","DER","Derived","WS","Wind","SCLK","ASCII_Real","s"
"WE","DER","Derived","WS","Wind","LMST","ASCII_String","HH:mm:ss"
"WE","DER","Derived","WS","Wind","LTST","ASCII_String","HH:mm:ss"
"WE","DER","Derived","WS","Wind","HORIZONTAL_WIND_SPEED","ASCII_Real","m/s"
"WE","DER","Derived","WS","Wind","HORIZONTAL_WIND_SPEED_UNCERTAINTY","ASCII_Real","m/s"
"WE","DER","Derived","WS","Wind","VERTICAL_WIND_SPEED","ASCII_Real","m/s"
"WE","DER","Derived","WS","Wind","VERTICAL_WIND_SPEED_UNCERTAINTY","ASCII_Real","m/s"
"WE","DER","Derived","WS","Wind","WIND_DIRECTION","ASCII_Real","deg"
"WE","DER","Derived","WS","Wind","WIND_DIRECTION_UNCERTAINTY","ASCII_Real","deg"
"WE","DER","Derived","WS","Wind","BOTH_BOOMS_USED_FOR_RETRIEVAL","ASCII_Integer","State"
"WE","DER","Derived","WS","Wind","ROVER_STILL","ASCII_Integer","State",""
